"","12202","43157","86194","26362","94028","11069","52121","28085","41018","93008","56260","18033","42218","33063","66136","84007","81004","95500","75101","34172","67482","50502","30189","78646","89024","68066","02408","46042","55029","06088","65440","27229","63113","17300","04070","40192","92050","32013","51108","91228","31555","76540","13201","14118","87085","49007","48095","80021","19272","58194","16015","36044","57463","10387","71270","90010","59350","62041","88160","83137","01053","53130","05061","69381","44109","47001","54395","24322","21231","61001","74010","08105","29232","38185","39300","79191","03190","09122","23096","45234","72181","70550","25056","64445","22278","15014","07186","73065","82121","85191","60057","77288","37261","35238"
"12202",0,173.4,307.3,252.8,414.1,167.1,435.2,386.7,349,426.5,517.9,275.4,234,249.9,185.8,199.9,65.5,446.9,418.7,126.3,551.2,561.3,169.8,412.7,387.6,506.3,522.6,104.8,510.9,342.9,215.4,453.3,168.1,361.1,304.5,262,424.5,184.6,505.2,406,118.3,490.3,242,522.7,198.6,425,92.7,514,163.5,290.8,272.1,268.7,534.6,452.3,296.5,458.1,556.2,535.6,500,279.7,319.4,474.4,330.8,273.7,444.4,171.5,497,189.2,371.2,455.9,356.3,562.2,602.4,312.3,356.8,345.7,242,164.4,252.5,336.7,422.9,440.9,402.5,234,587.4,94.1,230.6,331.1,115.2,407.3,479.1,418.4,361.6,519.9
"43157",173.1,0,337.6,112.3,358.8,277.2,298,331.4,293.7,371.3,499,220.1,65.7,353.3,279.4,179.8,235.4,391.6,363.4,217.4,411.7,506,178.2,357.5,295.4,366.8,442.9,274.7,373.7,332.5,385.2,398,112.8,434,293,428.7,369.2,354.5,383.1,350.8,288.2,435,231.6,467.4,263.1,371.5,89.2,458.8,214,235.5,344.7,248.8,397.4,341.1,159.3,318.6,500.9,480.3,362.9,269.3,165.8,419.1,256.9,118.6,429.6,341.4,359.8,275.7,234,400.6,188,458.6,583.4,170.6,206.4,390.4,186.7,334.3,217.2,281.4,367.6,301.4,263,403.9,532.1,160.9,96.6,162.8,285.1,439.2,423.8,363.1,306.3,464.6
"86194",307.7,336.8,0,402.5,213.3,348.8,315.3,185.8,109.8,225.7,220.3,153,321,160.2,416.7,474.6,316.7,246,217.8,431.1,502.8,268.8,469.5,211.9,235.7,478.7,321.8,233.2,365.8,627.2,307.8,252.5,235,104.6,561.6,239.1,223.7,305.3,315.2,205.2,294.5,256.9,526.3,230.2,112.1,126.9,353.7,313.2,176.4,217.7,92,114.6,411.1,262.4,322.6,430.6,355.4,334.7,403.5,564.1,347.8,181.9,510.2,337.4,146.8,243.1,400.4,169,319.4,163.3,425.2,361.3,304.7,407.8,380.1,61,225.9,346.1,126.5,141.8,130.4,395,375,284.2,291.8,251.9,420.5,400,255.6,109.7,278.3,224,69,224.5
"26362",252.6,114.1,402.6,0,353.4,212.5,258.2,381.4,358.7,365.8,564,285.1,90.5,411.2,214.6,83.1,295.6,388.9,357.8,128.5,371.9,541.8,98.1,359.9,255.6,326.9,403.1,338.3,333.9,235.8,355.8,422.5,180.3,499,194,423.2,370.5,333.3,343.3,334.3,264.4,441.9,134.9,499.6,328.8,436.5,181.2,453.1,279.6,266.4,410.3,313.8,357.5,301.3,119.5,278.8,495.5,474.9,323,172.6,125.9,484.1,153.6,78.8,494.6,332.8,319.9,341.4,194.1,465.6,131.4,418.8,648.4,65.1,166.5,455.4,222.2,276.3,282.2,346.4,432.6,261.6,223.2,374.5,597.1,259.9,40.5,105.7,298.5,504.2,418.2,335.2,371.2,529.6
"94028",414.7,359,214.5,354.4,0,472.8,173.4,62.8,121.1,20.4,300.1,157.4,331.9,355.4,521,426.5,440.6,47.7,17.9,461.5,296.7,210.9,441.5,30.7,113,332.9,114.4,357.1,175.1,579.1,503,91.5,257.2,299.8,508,434.3,34.3,469.2,115.5,26.3,418.4,111,478.2,168.7,241.2,183.1,375.9,110.6,300.3,155.9,291.7,171,202.2,120.4,248.6,307.8,148,127.4,261.5,516,265,176.9,456.6,287.1,241.2,435.8,235,332.2,196.6,158.4,347.4,152.5,372,354.3,257.3,256.2,198.1,470.1,242.8,94,138.4,253,252.2,479.4,290,375.8,383.9,346.5,379.5,261,75.7,36.3,147.8,222.4
"11069",166.7,276.4,347.8,213.2,472.2,0,460.2,444.8,407.1,484.7,487.7,369.8,292.5,208.6,77.3,160.2,105.3,505,476.8,102.4,573.9,580.5,130.1,470.9,457.6,529,580.7,135.8,535.9,303.2,153.2,511.4,271,319.8,264.8,220.6,482.6,130.7,545.3,464.2,61.8,548.4,202.3,566.6,239.2,443.2,195.6,572.2,215.8,393.7,282.1,309.2,559.6,503.3,321.5,480.8,614.3,593.7,525,240,328,511.1,291.1,280.8,414.1,130.2,522,229.7,396.2,499.8,338.9,620.3,572.1,272.6,368.6,317.1,345,73.7,293,394.8,466.8,463.6,425.2,171.9,559.2,246,219.6,313.3,95.9,377.1,537.2,483,405.5,491.9
"52121",438.4,299,316,259.8,173.6,461.2,0,209.2,222.6,183.8,446.5,242.6,237.3,456.9,463.4,331.9,500.7,211.1,185.9,377.3,207.9,369.9,346.9,188,134.5,198.7,173,445.4,87.3,484.5,601.1,250.6,279.1,401.3,413.4,535.8,198.6,557.5,113.2,159.5,506.7,270.1,383.6,327.7,342.7,329.6,383.1,238.4,365,224.2,393.2,272.4,143.1,71.2,154.1,153.2,266,245.3,108.6,421.4,162.6,323.4,362,192.5,387.6,524.1,105.5,426.8,79,304.9,241.6,188.8,518.4,259.7,128.5,357.6,228.3,525,317.6,195.5,284.9,97.8,124.9,580.9,436.4,403.6,289.3,251.9,467.8,403,239.7,146.1,249.3,368.9
"28085",386.2,330.4,185.9,380.1,62.5,444.2,208.4,0,92.6,74.9,247.4,128.8,314.6,326.8,492.4,452.2,412,89.3,67.1,432.9,354.7,204.4,467.2,58.3,138.7,381.7,171,328.5,233.2,604.8,474.4,69.8,228.6,260.4,533.7,405.7,72.9,440.6,173.6,54.4,389.8,106.8,503.9,164.4,212.6,130.5,347.3,161.9,271.8,171,263.1,142.4,260.3,155.5,274.4,333.5,204.6,184,296.6,541.7,290.7,124.3,482.3,312.8,188.5,407.2,293.1,303.6,222.3,105.7,373.1,210.5,319.3,380,283,227.6,213.2,441.5,214.3,65.4,85.7,288.1,277.9,450.9,237.3,347.2,409.6,372.2,350.9,208.3,127,73.2,119.2,169.8
"41018",353.1,297.4,110.5,363.1,119.7,408.5,221.8,92.3,0,132.2,256.3,95.8,281.6,251.5,459.4,435.1,376.4,152.5,124.3,399.9,409.3,231.4,439.1,118.4,142.2,385.2,228.2,292.9,272.3,587.8,399.1,159,195.6,195.8,522.1,330.4,130.2,396.6,221.7,111.7,354.2,195.9,486.9,192.8,177,128.8,314.3,219.7,236.1,160.5,187.8,102.5,317.5,168.9,277.9,337.1,261.9,241.2,310,524.6,294.3,144.5,470.7,298,186.9,334.4,306.9,264.8,225.9,126,376.7,267.8,339.6,368.4,286.6,152.2,184.1,405.8,178.6,48.3,93,301.5,281.5,375.5,257.6,311.6,381.1,360.6,315.3,197.6,184.7,130.5,43.9,190
"93008",424.8,369,224.5,364.2,19.4,482.8,183.3,72.8,131.2,0,310.1,167.4,341.7,365.4,531.1,436.3,450.7,30.7,14.1,471.6,300,200.9,451.3,35.9,122.8,336.3,102.1,367.2,178.5,589,513,81.6,267.2,309.8,517.9,444.4,24.5,479.3,118.9,40.4,428.5,101.1,488,158.7,251.3,193.2,385.9,94.2,310.4,165.7,301.7,181,205.6,130.3,258.5,317.6,135.7,115,271.4,525.8,274.8,187,466.5,296.9,251.2,445.8,238.4,342.2,206.4,163.2,357.2,155.8,382,364.1,267.1,266.2,207.9,480.1,252.9,104,148.5,262.9,262,489.5,300,385.8,393.7,356.3,389.6,271.1,59.3,46.2,157.8,232.5
"56260",520.7,498,220.8,563.7,298.2,488.2,444.1,245.6,256.7,310.6,0,296.4,482.3,290.4,556.1,635.8,473.6,325,302.8,581.2,590.5,174,608.9,294,374.4,617.4,406.7,446.2,468.9,782,438,289.6,396.2,184,722.8,369.3,308.6,435.6,409.4,290.1,433.8,273.9,681.1,193.7,325.7,133,514.9,349.8,389.5,361.2,272.4,304.1,496,391.2,483.9,569.2,433.3,412.7,532.3,718.8,509.1,136.5,671.4,498.7,86.1,373.3,528.8,349.4,458,207.4,586.4,446.3,88.9,569.1,518.7,173.7,384.7,485.5,340.3,288.7,185.2,523.8,513.6,414.4,97.5,464.9,581.7,561.3,416,132.7,351.1,308.9,213.4,83.3
"18033",275.9,220.2,153.7,285.9,156.3,370.5,242.7,128.8,91.1,168.7,296.4,0,204.4,294.6,382.2,358,338.2,189,160.8,322.7,408.8,303.4,361.9,154.9,130.5,363.9,264.8,254.8,293.1,510.6,410.6,195.5,118.4,239,445,373.5,166.7,367,242.6,148.2,316.1,232.4,409.7,264.8,138.9,169,237.1,256.2,191.5,67.9,217.9,64.6,340.4,189.8,195.9,315.7,298.4,277.7,330.9,447.5,221.1,216.5,393.6,220.8,227,333.5,327.8,229.9,204.5,198,303.5,304.3,380.9,291.2,258.5,195.4,92.4,367.8,113.4,78.8,165,298.5,260.1,418.7,329.6,241.1,303.9,283.4,277.3,237.7,221.3,155.8,103.7,262
"42218",233.7,65.7,321.3,90.6,332.4,292,237.2,315,277.4,344.8,482.7,203.8,0,337.6,294.1,162.7,295.9,367.8,336.8,208,350.8,489.7,177.7,338.8,234.5,305.9,382,278.7,312.9,315.3,434.4,381.7,99,417.7,263.5,413,349.4,390.8,322.2,313.2,340,418.6,214.4,451.1,247.4,355.2,149.8,432.1,198.3,198.5,329,232.5,336.5,280.2,98.4,257.8,474.5,453.8,302,252.2,104.9,402.8,212.1,57.7,413.2,357.3,298.9,260,173.1,384.2,127.1,397.8,567.1,109.7,145.5,374.1,151.3,355.8,200.8,265.1,351.3,240.5,202.1,453,515.8,211.5,120.1,101.9,301.1,422.8,397.2,314.1,289.9,448.3
"33063",250.9,349.7,159.2,414.2,352.6,210.4,454.7,325.2,249.2,365.1,289.9,292.3,337.8,0,278.4,361.2,195.9,385.4,357.2,303.4,621.8,382.7,331.2,351.3,375.1,576.9,461.1,173,505.1,504.2,160.3,391.8,245.2,122.1,465.8,91.6,363,157.8,454.6,344.6,156.1,396.3,403.3,369.5,161.9,245.4,340.7,452.6,158.9,347.2,84.4,235.2,550.4,401.8,376.9,528.7,494.7,474.1,542.9,441.1,399.9,313.4,492.1,354.2,216.4,95.6,539.8,90.9,441.8,302.7,441.9,500.7,374.4,424.5,437.2,119.3,298.4,207.7,219,281.2,269.8,511.5,473.1,136.7,361.4,224.9,420.6,416.7,138.3,179.3,417.6,363.4,208.4,294.2
"66136",186.1,278.9,417.4,215.7,519.6,79.4,462.7,492.1,454.4,532,557.2,380.9,295,278.1,0,162.7,174.8,552.3,524.2,104.9,576.4,650,132.6,518.2,460.1,531.5,607.6,205.3,538.4,305.7,222.7,558.8,273.5,389.3,267.3,290.2,530,200.3,547.8,511.5,131.3,595.7,204.8,628.1,308.7,512.7,198.1,619.5,285.3,396.2,351.7,378.8,562.1,505.8,324,483.3,661.7,641,527.5,242.5,330.5,579.8,293.6,283.3,483.7,199.7,524.5,299.3,398.7,561.3,341.4,623.3,641.6,275.1,371.1,386.6,347.5,135.5,362.6,442.1,528.4,466.1,427.7,241.4,628.7,264.6,222.1,315.8,165.4,446.6,584.6,523.9,467,561.4
"84007",199.7,179.7,473.3,81.8,424.1,159.6,328.9,452.1,429.4,436.5,634.7,355.8,161.2,358.3,161.7,0,242.7,459.6,428.5,75.6,442.6,612.5,45.2,430.5,326.3,397.6,473.7,285.5,404.6,168.2,302.9,493.1,251,469.5,128.7,370.4,441.1,280.4,414,404.9,211.5,512.6,67.3,570.3,388.9,507.2,171.9,523.8,350.3,337.1,431.9,384.5,428.2,371.9,190.2,349.5,566.2,545.5,393.7,105.1,196.6,554.8,155,149.4,563.8,279.9,390.6,379.5,264.8,536.2,207.6,489.5,719.1,141.3,237.2,466.8,292.8,223.4,352.8,417.1,503.3,332.3,293.9,321.6,667.8,278.2,88.3,181.9,245.6,526.8,488.9,405.9,441.9,600.3
"81004",66.9,237.5,315.8,298.4,440.2,106.4,499.2,412.7,375,452.6,473.6,337.7,298,194.5,174.3,245.4,0,472.9,444.7,171.8,615.2,566.5,215.4,438.8,446,570.3,548.7,103.7,575,388.4,154.6,479.4,232.1,305.8,350,206.6,450.6,123.9,542.1,432.1,57.6,516.3,287.5,534.5,207.1,429.1,156.7,540.1,183.7,354.8,268.1,277.2,598.6,489.3,360.5,522.1,582.3,561.6,564.1,325.3,383.5,486.2,376.3,337.7,400.1,116.1,561,197.7,435.2,467.7,420.3,588.2,558.1,357.8,420.8,303.1,306,103.7,261,362.7,434.8,504.9,466.5,173.3,545.2,157.2,294.6,395.1,64.3,363.1,505.2,450.9,373.4,477.9
"95500",446.4,390.6,246.1,386.9,46.6,504.4,210.5,87.9,152.8,30.8,325.2,189,364.4,387,552.7,459,472.2,0,33.7,493.1,327.2,187.7,474,39.3,145.4,363.5,124,388.7,205.7,611.6,534.6,68.4,288.8,331.4,540.5,465.9,30.1,500.9,146.1,63,450,87.9,510.7,145.6,272.8,208.3,407.5,81.2,332,188.3,323.3,202.6,232.8,157.5,281.1,340.3,151.6,131,298.6,548.5,297.5,202.1,489.1,319.5,266.3,467.4,265.6,363.8,229.1,162.7,379.9,183,397.1,386.8,289.8,287.8,230.5,501.7,274.5,125.6,163.5,290.1,284.7,511.1,295.3,407.4,416.4,379,411.2,286.1,46.3,73.4,179.4,247.6
"75101",418.1,362.3,217.8,357.5,19.3,476.1,186.8,66.1,124.4,15.1,303.4,160.7,335,358.7,524.3,429.6,443.9,33,0,464.8,305.8,194.8,444.6,26,116,342.1,112.6,360.4,184.3,582.2,506.3,75.5,260.5,303.1,511.1,437.6,18.3,472.5,124.7,33.6,421.7,95,481.3,152.6,244.5,186.4,379.2,99,303.6,158.9,295,174.3,211.4,133.8,251.7,310.9,145.2,124.6,274.9,519.1,268.1,180.2,459.7,290.1,244.5,439.1,244.2,335.5,199.7,153.3,350.5,161.6,375.3,357.4,260.4,259.5,201.1,473.4,246.2,97.3,141.7,266.4,255.3,482.7,293.3,379.1,387,349.6,382.8,264.3,64.1,51.6,151.1,225.8
"34172",127.9,220.1,432,129.7,461.4,99.7,376.8,433.9,396.2,473.8,577.5,322.7,209.1,298.4,101.8,76.7,170.9,494.1,466,0,490.4,608.6,46.7,460,374.1,445.5,521.6,225.6,452.5,219.7,243,500.6,215.3,409.6,181.3,310.5,471.8,220.6,461.8,452.8,151.6,537.5,118.8,569.9,323.4,474.1,139.9,561.3,282.8,338.1,372,351.4,476.1,419.8,238,397.4,603.5,582.9,441.6,156.6,244.5,521.6,207.6,197.3,504,220,438.5,313.9,312.7,503.1,255.4,537.4,661.9,189.1,285.1,406.9,289.3,163.5,319.7,384,470.2,380.1,341.8,261.7,634.7,206.4,136.1,229.8,185.7,466.9,526.4,453.7,408.8,567.2
"67482",554.6,412.6,502.4,373.4,294.5,574.9,208.7,352.6,409.1,298.3,589.9,410.4,351,620.5,577,445.5,616.9,325.7,302.2,490.9,0,495.2,460.5,320.5,302.1,52.8,251.4,561.6,174.5,598.2,717.3,375.8,395.3,587.7,511.2,695.9,318.6,673.7,196.2,311.4,622.9,387.4,497.3,453,491.4,472.9,496.8,316.9,481.2,360.8,570.4,458.9,106.7,253.6,270.2,106.1,344.4,323.7,133,535,260,466.7,459.8,308.6,531,640.2,115.7,542.9,213.7,448.2,338.9,240.2,661.8,357.5,225.9,544.1,344.4,638.7,433.8,381.9,428.2,154.3,161.1,735.9,579.8,519.8,403,349.7,584,550.8,344.4,306.4,435.7,512.2
"50502",561.4,505.6,268.8,541.5,210.3,581.6,370.8,205.1,231.8,200.8,174.3,304,489.9,383.8,649.5,613.6,567,188.6,196.5,608.2,496.8,0,628.6,186.8,300.1,533.1,276.6,491,375.3,766.2,531.4,145,403.8,277.4,695.2,462.7,187,528.9,315.7,217.6,527.2,129.3,665.3,49.1,370,193.9,522.5,205.2,434.3,343,346,308.9,402.4,317.9,435.8,494.9,288.7,268.1,459,703.1,452.1,125.2,643.8,474.2,173.6,466.7,435.2,423,383.7,114.9,534.5,352.6,246.2,541.4,444.4,267.1,385.2,578.9,377.1,263.8,151.7,450.5,439.3,507.8,136.4,509.7,571,533.6,509.4,226.1,206.5,235.6,202.1,98.2
"30189",168.3,178.7,466.2,97.9,440.2,128.2,345,468.2,433.9,452.6,606,360.4,177.3,326.9,130.3,44.9,211.3,475.6,444.6,44.2,458.6,628.5,0,446.6,342.3,413.7,489.8,254.1,420.7,189.6,271.6,509.2,253,438.1,151.2,339,457.2,249.1,430,421,180.1,528.7,88.7,586.4,357.5,511.8,134,539.9,323.2,353.2,400.5,389.1,444.3,388,206.2,365.6,582.3,561.6,409.8,126.4,212.7,559.3,177.5,165.5,532.5,248.5,406.7,348.1,280.9,540.8,223.6,505.6,690.5,157.3,253.3,435.4,308.9,192,357.4,421.7,507.9,348.3,310,290.2,672.4,246.8,104.3,198,214.2,495.4,505,422,446.5,604.9
"78646",412.8,357.1,212.6,360,30.2,470.9,189.3,57.7,119.2,36.8,295,155.5,337.5,353.5,519.1,432.1,438.7,40.8,27,459.6,322.4,188.4,447.1,0,118.5,358.7,131.5,355.2,200.9,584.7,501.1,69.1,255.3,297.9,513.6,432.4,23.9,467.3,141.3,36.1,416.5,88.6,483.8,146.3,239.3,178.1,374,113.4,298.4,161.4,289.8,169,228,136.3,254.2,313.4,164.1,143.4,277.4,521.6,270.6,171.9,462.2,292.6,236.2,433.9,260.8,330.3,202.2,134.5,353,178.2,366.9,359.9,262.9,254.2,203.6,468.1,240.9,92.1,133.4,268.9,257.8,477.5,284.9,373.9,389.5,352.1,377.6,256,78.5,54.1,145.9,217.4
"89024",385.9,293.7,236.3,254.5,112,455.9,135.1,140,143,124.4,377.3,130.6,232,377.2,458.1,326.6,446.1,147.5,116.4,371.9,301,300.4,341.6,118.5,0,256,195.5,362.6,186.3,479.2,518.3,181.1,228.4,321.6,408.1,456.2,129.1,474.7,135.8,92.9,423.9,200.5,378.3,258.2,246.7,254.6,347.1,211.7,301.5,109.1,313.5,176.4,233.5,79.4,148.7,207.9,254.1,233.5,223.2,416.1,165.1,254.2,356.7,187.1,312.6,441.2,220.1,337.6,96.7,235.6,247.5,211.3,449.2,254.4,157.4,278,148.9,475.5,240.2,115.8,215.6,190.7,152.3,501.3,367.2,351.1,284,246.6,385,323.3,176.8,93.8,169.6,299.7
"68066",508.4,366.5,478.1,327.2,331.6,528.7,198.7,381.7,384.7,335.4,619.1,364.2,304.8,574.3,530.8,399.3,570.7,362.7,339.2,444.7,51.7,532.2,414.3,357.5,255.9,0,288.5,515.4,177.9,552,671.1,412.9,349.1,563.4,465.1,649.7,355.6,627.5,231.9,334.6,576.7,424.4,451.1,490,445.2,496.3,450.6,353.9,435,314.6,524.2,419.2,143.7,247.6,224,60,381.4,360.7,103.6,488.8,213.8,495.9,413.7,262.4,554.4,594,119.1,496.7,167.5,477.4,292.7,277.2,691,311.3,179.7,519.7,298.3,592.5,387.6,357.6,457.4,108.2,114.9,689.8,608.9,473.6,356.8,303.5,537.8,565.1,381.5,322.5,411.4,541.4
"02408",522.2,445.1,322,405.9,115.2,580.3,175,170.3,228.6,103.5,407.6,264.9,383.4,462.9,609.5,478,548.1,123.1,114.6,523.4,255.3,277.2,493,133,196.8,291.6,0,464.6,133.8,630.6,610.5,178,364.7,407.3,559.5,541.8,120.9,576.7,74.2,135.5,525.9,154.5,529.7,235,348.7,290.6,483.4,84.1,407.8,260.9,399.2,278.5,160.9,124.3,300.1,310,111.6,90.9,245.3,567.5,308.7,284.4,508.1,338.5,348.7,543.3,193.7,439.7,225.1,254.8,387.6,95.9,479.5,405.8,274.6,363.7,303.1,577.6,350.3,201.5,245.9,254.7,270.9,586.9,384.7,483.3,435.4,398,487,368.5,112.3,130.4,255.3,329.9
"46042",104.4,275,232.5,340.2,356.9,136.4,447.3,329.4,291.7,369.3,443.2,254.4,279.3,171.3,204.3,287.2,104.1,389.6,361.5,227.8,563.3,489.9,257.1,355.5,362.7,518.4,465.4,0,509.4,430.2,176.5,396.1,186.7,282.5,391.8,183.4,367.3,132.9,458.9,348.8,82.1,433,329.3,451.3,123.8,350.2,194.2,456.8,100.4,288.7,197.3,193.9,546.7,406,318.4,470.2,499,478.3,512.2,367,341.4,403,418.1,295.7,369.6,85.4,509.1,114.4,383.3,384.4,383.4,504.9,527.6,366,378.7,271,239.9,133.7,177.7,279.4,351.5,453,414.6,195.1,514.7,126.6,332.2,358.2,43.2,332.6,421.9,367.6,290.1,447.4
"55029",514,374.6,365.5,335.4,176,536.9,87,234,272.2,179.8,471.3,292.2,312.9,506.4,539,407.5,576.3,207.1,183.7,452.9,175.3,376.6,422.5,201.9,185.4,177.6,132.9,508.1,0,560.2,654,257.3,354.7,450.8,489.1,585.4,200.1,620.3,66.9,192.8,569.5,268.8,459.3,334.4,392.3,354.4,458.7,198.4,440.6,273.7,442.7,322,97.4,111.3,229.7,193,225.9,205.2,119.4,497,238.3,348.2,437.7,268.1,412.4,586.8,68.5,483.2,154.6,329.7,317.2,141.2,543.2,335.3,204.2,407.2,303.9,600.7,393.2,245,309.7,167.4,200.5,630.5,461.2,479.2,364.9,327.5,530.6,432.3,225.9,181.5,298.8,393.7
"06088",344.4,334,627.5,236.1,578.4,304.3,483.1,606.3,583.6,590.8,782.1,510.1,315.5,503,306.4,169.9,387.4,613.8,582.7,220.3,596.8,766.7,191.3,584.8,480.5,551.9,628,430.2,558.9,0,447.6,647.4,405.3,614.2,147.8,515.1,595.4,425.1,568.2,559.2,356.2,666.9,141.1,724.6,533.6,661.5,320.6,678.1,499.3,491.4,576.6,538.8,582.5,526.2,344.4,503.7,720.5,699.8,548,109.8,350.9,709,214.4,303.7,708.5,424.6,544.9,524.2,419.1,690.5,361.8,643.8,866.5,295.5,391.5,611.5,447.1,368.1,507.1,571.3,657.5,486.5,448.1,466.3,822.1,422.9,242.5,336.2,390.3,671.5,643.2,560.1,596.2,754.5
"65440",213.9,384.5,306.2,355.3,499.7,151.5,601.8,472.2,396.2,512.1,437,409.3,434.2,157.8,219.4,302.3,152.5,532.4,504.2,244.5,716,529.8,272.2,498.3,517.6,671.1,608.2,175.3,652.2,445.3,0,538.9,341.6,269.1,406.9,90.1,510.1,79.8,601.6,491.6,101.1,543.3,344.4,516.6,278.7,392.4,303.7,599.6,255.3,443.6,231.4,348.8,697.5,548.8,463.6,622.9,641.8,621.1,667,382.2,470.1,460.4,433.2,422.9,363.4,151,664,233.7,538.2,449.8,481,647.7,521.4,414.7,510.7,266.4,394.8,126.2,332.6,428.2,416.8,605.7,567.3,30.6,508.5,285.6,361.7,455.4,135.4,326.4,564.7,510.4,355.4,441.2
"27229",451,395.2,250.7,422.3,91.1,509,251.6,68.3,157.4,81.6,292.1,193.6,379.5,391.6,557.3,494.4,476.8,69.4,77.3,497.8,377.6,146.7,509.4,67.6,180.9,413.9,176.1,393.3,256.1,647,539.2,0,293.4,314.4,575.9,470.6,67.8,505.5,196.5,98.4,454.6,46.9,546.1,104.6,277.4,184.5,412.1,121.8,336.6,223.8,327.9,207.2,283.2,198.7,316.5,375.7,205.3,184.7,339.7,583.9,332.9,178.3,524.5,355,242.5,472,316,368.4,264.5,100.8,415.3,233.4,364.1,422.2,325.2,292.4,266,506.3,279.1,130.2,140.3,331.3,320.1,515.7,254.3,412,451.8,414.4,415.8,262.3,98,116.4,184,216
"63113",167.1,111.4,235.3,179.1,256.5,271.3,275.6,229.1,191.4,268.9,396.7,117.8,97.7,245.8,273.4,251.2,229.4,289.3,261.1,213.9,391.6,403.7,253.1,255.1,230,346.6,365,186.9,351.3,403.9,342.6,295.7,0,331.7,338.2,321.2,266.9,299,347.6,248.4,248.2,332.7,303,365.1,155.7,269.2,128.3,356.4,106.5,133.2,237.3,146.5,374.9,294.7,136.9,298.5,398.6,378,340.4,340.7,159.8,316.8,286.8,114.1,327.3,265.6,337.3,168.3,211.5,298.3,201.8,404.6,481.1,184.5,197.1,288.1,84.4,299.9,114.9,179.1,265.3,281.3,242.9,361.3,429.8,132.3,195.1,176.7,209.3,336.9,321.5,260.8,204,362.3
"17300",360.4,435.1,105.3,500.8,298.8,319.9,400.9,262.1,195.4,311.2,184.9,238.5,419.4,122.1,387.8,470.7,305.4,331.6,303.4,412.9,588.4,277.7,440.6,297.4,321.2,564.3,407.3,282.5,451.3,613.7,269.7,318,333.4,0,575.3,201.1,309.2,267.3,400.8,290.7,265.6,317.5,512.8,290.7,193.9,140.4,450.2,395.8,255.3,303.2,118.2,207.2,496.6,347.9,421,516.1,440.9,420.3,489,550.6,446.2,208.3,601.6,435.8,111.4,205,485.9,187.3,404.9,223.9,523.5,446.8,269.4,506.2,465.6,54.3,324.2,317.2,224.8,227.4,199.7,480.5,460.5,246.2,256.4,321.3,518.8,498.4,247.8,74.3,363.8,309.5,154.6,189.1
"04070",303.5,292.8,567.3,193.2,506.5,263.4,411.3,534.5,523.4,519,728.7,449.8,264.8,462.1,265.5,128.7,346.5,542,510.9,179.4,509,694.9,150.4,513,408.7,464,556.2,389.3,487.1,146.8,406.8,575.6,345,573.3,0,474.2,523.6,384.3,496.4,487.4,315.3,595.1,102.7,652.8,492.7,601.2,279.7,606.3,444.3,419.6,535.7,478.5,510.7,454.4,272.6,415.9,648.6,628,471.7,133.8,263,648.7,76.7,235.9,659.2,383.7,473.1,483.3,347.3,630.2,231,572,813.1,161.3,303.6,570.6,375.3,327.2,446.8,510.4,597.3,398.7,360.3,425.4,761.7,382,201.3,199.9,349.4,630.6,571.4,488.3,535.9,694.2
"40192",262.3,426,239.8,425.6,433.2,221.9,535.3,405.8,329.8,445.7,370.5,373,414.1,91.4,289.8,372.6,207.3,466,437.8,314.9,698.2,463.4,342.6,431.9,455.7,653.2,541.7,184.4,585.8,515.6,91,472.5,321.6,202.7,477.3,0,443.7,99,535.2,425.2,165.9,476.9,414.7,450.2,242.5,326,352.1,533.2,235.3,423.6,165,315.9,631,482.4,453.3,605.1,575.4,554.7,623.5,452.5,476.2,394,503.6,430.5,297,107,620.4,167.2,518.1,383.3,518.3,581.3,455,485,513.6,199.9,374.8,206.2,299.7,361.8,350.4,587.9,549.5,67.4,442.1,301.3,432.1,493.1,149.7,260,498.2,444,289,374.8
"92050",424.1,368.3,223.8,369.9,35,482.1,199.2,72.1,130.5,23.9,309.5,166.8,347.4,364.8,530.4,442,450,30.6,19.7,470.9,320.3,185.5,457,22.1,128.4,356.5,118.4,366.5,198.7,594.6,512.3,66.2,266.6,309.1,523.5,443.7,0,478.6,139.2,46,427.8,85.7,493.7,143.4,250.6,192.5,385.2,98.8,309.7,171.3,301.1,180.3,225.8,146.2,264.1,323.3,151,130.3,287.3,531.5,280.5,186.3,472.1,302.5,250.6,445.1,258.6,341.5,212.1,149.8,362.9,176.1,381.4,369.8,272.8,265.5,213.5,479.4,252.2,103.4,147.8,278.8,267.7,488.8,293,385.2,399.4,362,388.9,270.4,63.9,64,157.1,231.8
"32013",186,356.6,302.8,335.2,471.5,131.5,561.9,444,392.9,483.9,433.6,369,393.9,154.5,199.4,282.2,124.6,504.2,476.1,224.5,677.9,526.4,252.2,470.1,477.3,633,580,135,624,425.2,80.3,510.7,301.3,265.7,386.9,98.6,481.9,0,573.5,463.4,75.2,539.9,324.3,513.2,238.4,389.1,275.8,571.4,215,403.3,228,308.5,661.3,520.6,433.1,584.8,613.6,592.9,626.8,362.1,450,457,413.1,402.8,360,79.4,623.7,206.5,497.9,446.4,460.9,619.5,518,394.6,490.6,263,354.5,128.8,292.3,394.1,413.4,567.6,529.2,107.5,505.1,245.3,341.6,435.3,92.3,323,536.5,482.2,352.1,437.8
"51108",503.7,384.3,316.2,345.1,115.6,546.6,114.3,173.6,222.9,119.4,410.9,242.9,322.7,457.1,548.7,417.2,542.3,146.7,123.3,462.6,198,316.2,432.2,141.5,136.1,232.3,72.5,458.9,66.8,569.9,604.7,196.9,346.1,401.5,498.8,536.1,139.7,571,0,132.5,520.2,208.5,469,274.1,343,294,464.8,138,402.1,224.4,393.4,272.7,103.6,63.5,239.4,247.7,165.5,144.8,174.1,506.7,248,287.8,447.4,277.8,352.1,537.5,123.1,433.9,164.3,269.3,326.9,88.3,482.9,345,213.9,357.9,266.6,571.8,344.6,195.7,249.3,193.9,210.2,581.2,400.8,468.9,374.7,337.2,481.3,371.9,165.5,127.4,249.5,333.3
"91228",407.7,352,207.5,331.6,27.5,465.8,156,55.8,114.1,42,293.1,150.4,309.1,348.4,514,403.7,433.6,65.1,34,449.1,310.2,218,418.7,36.1,90.2,333.2,132.4,350.1,188.7,556.3,496,98.7,250.2,292.8,485.3,427.3,46.7,462.2,129.1,0,411.4,118.2,455.4,175.8,234.2,176.1,368.9,129.4,293.3,133.1,284.7,164,215.8,103,225.9,285,171.7,151.1,244.1,493.2,242.2,169.9,433.9,264.3,234.2,428.8,240.8,325.2,173.8,151.4,324.6,166.1,365,331.5,234.5,249.2,175.3,463.1,235.8,87,131.4,235.6,229.4,472.4,283,368.8,361.1,323.7,372.5,254,94.4,20.8,140.8,215.4
"31555",119.1,289.6,293.2,266.3,417.6,62.6,508,390.1,352.4,430,433,315.1,340,153.9,130.5,213.3,57.6,450.3,422.1,155.6,624,525.8,183.3,416.2,423.4,579.1,526.1,81.1,570.1,356.3,101.9,456.8,247.4,265.1,318,164.2,428,73.1,519.5,409.5,0,493.7,255.4,511.9,184.5,388.5,208.9,517.5,161.1,349.4,227.5,254.6,607.4,466.7,374.6,530.9,559.7,539,572.9,293.2,381.1,456.4,344.2,333.9,359.5,75.5,569.8,175.1,444,445.1,392,565.6,517.4,325.7,421.7,262.4,300.6,59.9,238.4,340.1,412.2,513.7,475.3,120.6,504.5,191.4,272.7,366.4,41.2,322.4,482.6,428.3,350.8,437.2
"76540",487.1,431.4,257,440.3,109.1,545.1,269.6,104.5,193.5,99.5,273.6,229.8,415.6,397.9,593.4,512.4,513,87.4,95.3,533.9,389.4,128.2,527.4,85.6,198.8,425.6,153.6,429.5,267.8,665,545.5,43.8,329.6,313.9,593.9,476.9,85.8,541.6,208.3,116.4,490.8,0,564.1,86,313.6,184,448.3,82.2,372.7,241.7,334.2,243.3,294.9,216.6,334.5,393.7,165.7,145.1,357.7,601.9,350.9,177.8,542.5,372.9,242.1,480.8,327.7,404.6,282.5,103.1,433.3,235,345.5,440.2,343.2,298.7,283.9,542.4,315.2,166.4,139.9,349.2,338.1,522,235.7,448.2,469.8,432.4,451.9,261.9,80.9,134.4,190.3,197.5
"13201",241.7,231.2,524.8,133.4,475.6,201.5,380.4,503.6,480.9,488,679.4,407.3,212.7,400.2,203.7,67.1,284.6,511.1,480,117.6,494.1,664,88.5,482.1,377.8,449.2,525.3,327.4,456.1,139.6,344.9,544.7,302.5,511.5,101.9,412.3,492.7,322.4,465.5,456.5,253.5,564.2,0,621.8,430.9,558.7,217.9,575.4,396.5,388.6,473.8,436,479.8,423.5,241.7,401,617.7,597.1,445.2,48.6,248.2,606.3,128.2,201,605.8,321.8,442.2,421.4,316.4,587.8,259.1,541,763.8,192.8,288.8,508.8,344.4,265.4,404.4,468.6,554.8,383.8,345.4,363.6,719.3,320.1,139.8,233.5,287.6,568.8,540.4,457.4,493.5,651.8
"14118",521.7,465.9,229.1,497.6,166.4,567,326.9,161.9,192.1,156.9,192.7,264.3,450.2,370,628,569.7,534.8,144.8,152.6,568.5,452.9,47.2,584.7,142.9,256.2,489.2,232.7,451.3,331.4,722.4,517.6,101.1,364.1,286,651.3,448.9,143.1,515.1,271.8,173.8,512.6,85.4,621.5,0,330.3,156.1,482.8,161.3,394.6,299.1,306.3,269.2,358.5,274,391.9,451,244.8,224.2,415.1,659.2,408.3,143.6,599.9,430.3,192,452.9,391.3,383.3,339.9,75.2,490.6,308.8,264.6,497.5,400.5,270.7,341.3,564.3,337.4,223.7,111.9,406.6,395.4,494,154.8,470,527.2,489.7,473.7,234,162.6,191.7,162.4,116.6
"87085",199.2,262.8,112,332.3,242.8,240.4,344.9,215.4,177.7,255.2,321.8,140.3,250.9,172.2,308.3,391.1,208.2,275.6,247.4,322.6,491.1,369.4,361.1,241.4,248.6,446.2,351.3,124.7,395.3,534.2,280.5,282,158.3,194.8,491.4,251.2,253.2,236.8,344.8,234.7,186,318.9,433.3,330.8,0,229.7,269.5,342.7,68,201.6,84.1,79.8,440.6,291.9,259.7,398,384.9,364.3,433,471,285,282.5,440,267.3,248.3,203.4,429.9,97.2,311.1,263.9,355,390.9,406.2,337.7,322.3,149.6,163,237.7,63.6,165.4,231,380.8,342.4,296.3,393.3,143.4,346.5,329.9,147.1,211.2,307.8,253.6,169.6,326
"49007",424.5,369.4,125.3,435.1,182.9,439.9,328.9,130.3,128.1,195.4,133.3,167.8,353.6,242.1,507.8,507.2,425.3,209.7,187.5,471.9,475.2,194.1,511.1,178.8,254,497,291.4,350,353.6,659.8,389.7,186.2,267.6,135.7,594.2,321,193.3,387.3,294.1,174.9,385.5,185.6,558.9,158.9,228.9,0,386.3,264,293.2,232.5,205.6,175.5,380.7,275.9,355.2,448.8,325,304.4,417,596.7,380.4,71,542.8,370,63.9,325,413.5,282.6,337.7,92.1,457.8,331,217.8,440.4,398.3,125.4,256.1,437.2,243.3,160.1,67.9,408.5,393.2,366.1,176.4,368.7,453.1,432.6,367.7,83.6,247.4,193.7,84.8,107.5
"48095",92,89.5,352.6,181.8,373.9,196.1,382.4,346.4,308.7,386.3,514.1,235.2,150,338.7,198.3,171.6,154.3,406.6,378.5,138.8,496.1,521,133.6,372.5,347.4,451.1,482.4,193.6,458.1,318.6,304.2,413.1,127.8,449.1,280.2,350.8,384.3,273.4,464.9,365.8,207.1,450,217.6,482.4,267.4,386.6,0,473.8,216.6,250.5,349,263.9,481.7,412.1,243.7,403,516,495.3,447.2,255.4,250.1,434.1,302.1,203,444.6,260.3,444.1,278,318.4,415.6,272.3,521.9,598.5,241.2,290.7,405.4,201.8,253.2,232.2,296.4,382.6,385.8,347.4,322.8,547.2,139.5,146.7,247.2,204,454.2,438.9,378.1,321.3,479.7
"80021",513.2,457.4,312.9,452.6,109.7,571.2,240.1,160.5,219.6,93.9,350.7,255.8,430.1,453.8,619.5,524.7,539,80.7,99.6,560,320.4,205.3,539.7,112,211.2,356.6,84.6,455.6,198.8,677.3,601.4,122.4,355.6,393.8,606.3,532.8,98.1,567.7,139.3,128.7,516.9,82.7,576.4,163.2,339.7,263.9,474.3,0,398.8,254.1,390.1,269.4,225.9,189.3,346.9,375.1,96.7,69.4,310.3,614.2,363.2,257.7,554.9,385.3,322,534.2,258.7,430.6,290.1,183,445.6,166,422.6,452.5,339.7,354.6,296.3,568.5,341.3,192.4,219.8,319.8,336,577.9,312.8,474.2,482.1,444.7,478,341.8,45.6,136.5,246.2,274.6
"19272",163.9,212.1,176,281.6,300.4,216.6,368.2,273,235.3,312.8,386.7,194.2,200.1,159.8,284.5,353.7,184.4,333.2,305,280.1,484.2,433.4,323.6,299,306.2,439.3,408.9,100.9,443.9,496.6,256.6,339.6,107.6,256.6,440.7,235.2,310.8,213,402.4,292.3,162.2,376.6,395.7,394.8,67.4,293.7,218.4,400.3,0,209.6,149,137.4,467.5,349.6,239.3,391.1,442.5,421.9,433,433.5,262.3,346.5,389.3,216.5,313.2,179.6,429.9,82.3,304.2,328,304.3,448.5,471.1,286.9,299.6,214.5,160.8,213.9,121.2,223,295,373.9,335.5,275.3,458.2,80.7,295.8,279.1,123.3,276.1,365.4,311.2,233.7,390.9
"58194",290.2,234.4,220.2,268.6,156.6,394.3,225.3,172.4,157.7,169,363,69.7,207.6,345.1,396.5,340.7,352.5,192.1,161,337,360.6,345,355.7,163,109.5,315.7,262.6,286.1,275.7,493.3,441.9,225.6,132.7,305.5,422.2,420.4,173.6,398.3,225.2,137.4,347.4,245.1,392.4,302.8,202,235.5,251.3,256.3,205.8,0,281,132.7,322.9,172.3,156.7,267.6,298.7,278.1,309.5,430.2,181.9,283.1,370.8,201.2,293.6,364.8,306.4,267.5,171.3,264.6,264.3,296.2,447.4,268.5,215.6,261.9,53.2,399.1,144.4,132.2,231.6,250.3,212,460.5,396.1,255.4,298.1,260.7,308.6,304.3,221.4,138.4,170.2,328.6
"16015",271.6,343.8,91.4,413.3,290.1,293.2,392.2,262.7,186.7,302.6,272.9,219.1,331.8,95.4,361.1,444,278.7,322.9,294.7,386.2,569.9,345.6,413.9,288.8,312.6,524.9,398.6,197.1,442.6,587,243,329.3,239.3,119.7,548.6,174.4,300.5,240.6,392.1,282,238.9,333.8,486.1,307,85.2,206.5,350.5,390,148.9,280.3,0,158.5,487.9,339.3,338.5,476.8,432.2,411.6,480.4,523.8,363.7,258.7,521,348.2,199.3,178.3,477.3,84,389.8,240.2,436,438.2,357.3,418.6,401,100.7,241.7,290.5,142.3,218.7,207.3,459.5,421.2,219.5,344.4,224.4,427.5,410.8,219.6,162.3,355.1,300.9,145.9,277.1
"36044",270.1,248.7,114.8,314.4,170.5,311.3,272.6,143,102.6,182.9,304.7,63.9,233,246.9,379.2,386.5,279.1,203.2,175.1,351.2,460.1,308.8,390.4,169.1,176.3,421,279,195.6,323,539.1,351.4,209.7,146.9,207,473.5,325.9,180.9,307.8,272.5,162.4,256.9,246.6,438.2,270.2,79.7,177.2,265.6,270.4,138.9,129.9,158.7,0,368.3,219.6,234.5,372.8,312.6,291.9,360.7,476,259.8,221.9,422.1,249.3,235.3,274.3,357.6,170.7,266.6,203.4,337.1,318.5,389.2,319.7,297.1,163.4,137.5,308.6,81.4,93,170.4,352.2,317.2,370,334.9,214.3,332.4,311.9,218.1,212.2,235.5,181.2,109,267.4
"57463",537.5,398.1,412,358.9,202.3,560.4,142.3,260.3,318.7,206.1,497.6,340.8,336.4,552.9,562.5,431,599.8,233.4,210,476.4,107.7,402.9,446,228.2,233.9,143.9,159.2,544.5,98,583.7,700.2,283.6,378.2,497.3,512.6,631.9,226.4,656.6,103.9,219.1,605.8,295.1,482.8,360.7,438.8,380.7,482.2,224.7,464.1,322.3,489.2,368.5,0,161.4,253.2,175.9,252.2,231.5,102.4,520.5,261.8,374.5,461.2,291.6,438.7,623.2,47.4,525.9,178.1,356,340.7,147.5,569.5,358.8,227.7,453.7,327.4,624.2,416.7,291.5,335.9,160,205.4,677,487.5,502.7,388.4,351,566.9,458.6,252.2,214.1,345.3,420
"10387",451.5,342.2,264,303,121.7,504.4,72.2,157.3,170.7,131.9,394.6,190.7,280.5,404.9,506.6,375.1,490.2,159.2,134,420.5,256.2,318,390.1,136,80.2,250.4,123.7,406.7,112.2,527.7,552.5,198.6,293.9,349.3,456.6,483.9,146.6,518.8,63.9,107.6,468,218.1,426.8,275.8,290.8,277.7,412.6,189.2,349.9,172.2,341.2,220.5,161.7,0,197.2,207.1,216.7,196,160.3,464.6,205.8,271.5,405.2,235.6,335.7,485.3,157.2,381.7,122.2,252.9,284.7,139.5,466.5,302.9,171.7,305.7,214.4,519.6,292.4,143.6,232.9,151.8,168.1,529,384.5,416.7,332.5,295.1,429.1,351.1,187.8,94.2,197.3,317
"71270",299.5,160.1,321.6,120.9,248.1,322.3,152.9,276.1,279,260.5,483.1,197.6,98.4,378.7,324.4,192.9,361.7,283.6,252.5,238.3,268.9,436.4,207.9,254.5,150.2,223.9,297.7,319.8,228.6,345.6,465.7,317.1,140.2,418.1,274.5,454.1,265.1,431.9,237.9,228.9,374.2,336.6,244.7,394.3,258.8,355.6,244.2,347.8,239.4,156.2,337.8,232.9,252.2,195.9,0,175.8,390.2,369.5,217.7,282.4,34,390.2,223.1,53.5,413.6,398.5,214.6,301.2,88.8,371.7,116.4,313.5,567.5,120.7,71.4,374.4,111.9,386.1,201.2,251.9,351.7,158.5,120.2,484.3,503.3,264.7,150.4,112.9,342.2,423.2,312.9,229.9,290.3,435.7
"90010",460.4,318.5,430.1,279.3,305.8,480.7,153.3,333.8,336.7,316.2,571.1,316.2,256.8,526.3,482.8,351.4,522.7,341.2,310.2,396.7,105.3,494.1,366.3,312.2,207.9,60.4,305.4,467.4,192.7,504,623.1,374.8,301.1,515.4,417.1,601.7,322.8,579.5,245.6,286.6,528.7,394.3,403.1,452,397.2,448.3,402.6,370.8,387,266.6,476.2,371.3,176.1,203.6,176,0,398.3,377.6,91.1,440.9,165.8,447.9,365.7,214.4,506.4,546,132.4,448.8,119.5,429.4,244.7,307.9,643,263.3,131.7,471.8,250.3,544.5,339.6,309.6,409.4,56.7,66.9,641.8,561,425.6,308.8,255.5,489.8,517.1,370.6,278.5,363.4,493.4
"59350",554.8,499,354.5,494.2,147.7,612.8,270.1,202.8,261.1,136,432.4,297.4,471.7,495.4,661,566.3,580.6,150,145.9,601.5,350.4,287,581.3,163.8,252.7,386.7,114.7,497.1,228.9,718.9,643,204.1,397.2,439.8,647.8,574.3,151.8,609.2,169.3,170.3,558.4,164.4,618,244.8,381.2,323.1,515.9,93.9,440.3,295.6,431.7,311,256,219.4,388.4,405.1,0,42,340.3,655.8,403.8,316.9,596.4,426.8,381.2,575.8,288.8,472.2,320.2,264.7,482.7,167.4,504.3,494.1,369.7,396.2,337.8,610.1,382.8,234,278.4,349.8,366,619.4,394.5,515.8,523.7,486.2,519.5,401,124,174.5,287.8,356.3
"62041",535.9,480.1,335.6,475.3,128.8,593.9,248.1,183.9,242.3,117.1,413.4,278.5,452.8,476.5,642.1,547.4,561.7,131.1,127,582.6,328.4,267.9,562.4,144.9,233.8,364.7,92.7,478.2,206.9,700,624.1,185,378.3,420.9,628.9,555.4,132.9,590.3,147.3,151.4,539.5,145.3,599.1,225.8,362.3,304.3,497,69.3,421.5,276.7,412.8,292.1,234,197.4,369.5,383.1,43.4,0,318.4,636.9,381.8,298,577.5,407.9,362.3,556.9,266.8,453.3,298.2,245.6,460.7,169.6,485.3,475.2,347.7,377.3,318.9,591.2,364,215.1,259.5,327.8,344,600.6,375.5,496.9,504.8,467.4,500.6,382.1,105.1,155.6,268.9,337.3
"88160",504.2,364.8,402.6,325.6,260.3,527,109,295.9,309.3,270.5,533.2,329.3,303.1,543.5,529.2,397.7,566.5,297.8,272.6,443.1,131.8,456.6,412.7,274.6,221.1,103.5,243.2,511.2,119.6,550.3,666.9,337.2,344.9,487.9,474.1,622.5,285.2,623.3,173.6,246.2,572.5,356.7,449.4,414.4,429.4,416.3,448.9,308.7,430.8,310.4,479.9,359.1,103,157.9,219.8,91.1,336.2,315.5,0,487.2,222.9,410.1,422.7,258.2,474.3,589.8,59.3,492.6,144.8,391.6,301.8,234.9,605.1,320.4,188.8,444.3,294.1,590.8,383.4,282.2,371.5,75.1,120.5,667.6,523.1,469.4,355.1,312.6,533.6,489.7,326.4,232.8,335.9,455.6
"83137",279,268.5,562.1,170.6,512.9,238.8,417.7,540.9,518.2,525.3,716.6,444.6,250,437.5,241,104.4,321.9,548.4,517.3,154.9,531.4,701.3,125.8,519.4,415.1,486.4,562.6,364.7,493.4,108,382.2,582,339.8,548.8,132.5,449.6,530,359.7,502.8,493.8,290.8,601.5,47.7,659.1,468.1,596,255.2,612.6,433.8,425.9,511.1,473.3,517,460.8,279,438.3,655,634.4,482.5,0,285.4,643.6,158.8,238.3,643.1,359.1,479.4,458.7,353.7,625.1,296.4,578.3,801.1,230.1,326,546.1,381.7,302.6,441.7,505.9,592.1,421.1,382.7,400.9,756.6,357.4,177.1,270.7,324.8,606.1,577.7,494.7,530.8,689.1
"01053",321.4,165.4,348.1,126.2,264.9,327.6,161.6,292.9,295.8,277.3,509.5,224.1,103.7,400.6,329.7,198.3,383.6,300.3,269.3,243.6,259.2,453.2,213.2,271.3,167,214.3,306.5,341.7,237.3,350.9,471,333.9,162.1,444.5,264,476,281.9,448.5,246.7,245.7,379.5,353.4,250,411.1,285.3,382,249.5,364.6,261.3,182.6,364.3,259.3,261,204.7,34,166.1,399.4,378.7,221.9,287.8,0,407,212.6,62.4,440.1,420.4,223.3,323.1,103.6,388.5,91.6,322.2,593.9,110.2,53.9,400.9,138.3,391.4,227.7,268.7,368.5,148.9,110.5,489.6,520.1,286.6,155.7,102.4,364.1,449.7,329.7,246.7,316.7,452.5
"53130",474.3,418.5,181.7,484.2,176.2,508.9,322.1,123.6,144.7,188.6,138.6,216.9,402.8,311.1,576.8,556.3,487.4,202.9,180.7,521.1,468.4,125.2,560.2,172,252.3,495.4,284.7,403.9,346.9,709,458.7,179.4,316.7,204.7,643.3,390.1,186.6,456.3,287.3,168.1,454.6,178.9,608.1,144.8,282.9,71,435.4,257.3,347.2,281.7,258.9,221.8,374,269.2,388,447.2,318.3,297.6,410.3,645.8,404.4,0,591.9,419.2,119.7,394,406.8,335.9,336,85.3,486.8,324.2,210.5,489.6,396.7,194.4,305.2,506.2,290.1,176.7,63.2,401.8,391.6,435.2,128.5,422.6,502.2,481.8,426.4,152.7,240.7,186.9,115,60.9
"05061",330,257,517.3,153.2,456.6,289.9,361.4,484.6,473.4,469,678.7,399.9,214.8,488.6,292.1,155.2,373,492.1,461,205.9,459,645,176.9,463.1,358.8,414.1,506.3,415.8,437.1,213.8,433.3,525.7,295.1,599.9,77.4,500.7,473.7,410.8,446.5,437.5,341.9,545.2,129.2,602.8,443.5,551.3,302.1,556.3,394.3,369.6,525.1,428.6,460.8,404.5,222.7,365.9,598.7,578.1,421.8,160.3,213.1,598.8,0,186,609.3,410.2,423.1,456.1,297.4,580.3,181.1,522,763.2,111.4,253.7,570.1,325.4,353.7,396.9,460.4,547.3,348.7,310.3,451.9,711.8,404,165.6,150,375.9,618.9,521.4,438.4,486,644.3
"69381",280.3,118.4,343.3,79.1,287.6,280.6,192.4,315.6,299.4,300,504.7,225.8,56.7,359.6,282.7,151.2,342.6,323.1,292,196.6,308,476,166.2,294.1,189.8,263.1,337.3,300.7,268.1,303.9,423.9,356.7,121,439.7,235.9,435,304.7,401.5,277.5,268.5,332.5,376.2,203,433.8,269.5,377.2,202.5,387.4,220.3,200.6,351.1,254.5,291.8,235.5,53.7,214.9,429.7,409.1,257.2,240.7,62,424.8,184.5,0,435.3,379.4,254.2,282.1,128.4,406.3,99.5,353,589.1,82.2,102.7,396.1,156.4,344.4,222.9,287.1,373.3,197.7,159.3,442.6,537.8,245.5,108.7,74.4,323.1,444.9,352.4,269.4,312,470.3
"44109",447.9,429.3,148,495,242.9,415.4,388.8,190.2,188,255.3,87.3,227.7,413.6,217.6,483.3,566.1,400.8,269.6,247.4,508.4,535.1,174.6,536.1,238.7,313.9,556.9,351.4,373.4,413.6,709.1,365.2,246.1,327.5,111.2,654.1,296.5,253.3,362.8,354,234.8,361,245.6,608.2,194.2,252.9,64.3,446.2,324,316.7,292.4,199.6,235.4,440.7,335.9,415.2,508.8,385,364.3,476.9,646,440.4,121.2,602.7,430,0,300.5,473.5,276.6,397.6,152,517.7,390.9,171.7,500.3,458.3,100.9,316,412.7,267.5,220,127.8,468.5,453.2,341.6,153.3,392.1,513,492.5,343.2,59.9,307.4,253.6,144.7,86
"47001",171.8,342.4,242.1,335.1,435.6,131.3,527.9,408.1,332.2,448,372.9,335,359.9,93.8,199.3,282.1,116.8,468.4,440.2,224.4,643.9,465.7,252.1,434.2,443.3,599,544.1,85.3,588.1,425.1,151.2,474.8,267.3,205,386.7,105.8,446,78.8,537.6,427.5,77,479.2,324.2,452.5,204.4,328.4,261.6,535.5,181,369.3,167.3,274.5,627.3,484.7,399.1,550.8,577.7,557.1,592.8,362,422,396.3,413,376.3,299.3,0,589.7,128.2,463.9,385.7,460.8,583.6,457.3,394.5,459.3,202.3,320.5,128.6,258.3,360.1,352.7,533.6,495.2,146.4,444.4,210.8,341.5,435.2,59.2,262.3,500.6,446.3,291.4,377.1
"54395",500.2,360.8,398.7,321.6,234.3,523.1,105,291.9,305.3,238.1,529.3,325.4,299.1,539.6,525.2,393.7,562.5,265.4,242,439.1,116.6,434.9,408.7,260.2,217.2,119,191.2,507.2,67.6,546.4,662.9,315.6,340.9,484,475.3,618.5,258.4,619.3,121.6,242.2,568.5,327.1,445.4,392.7,425.4,412.3,444.9,256.7,426.8,306.4,475.9,355.2,46.8,153.9,215.9,133.9,284.2,263.5,60.3,483.2,224.5,406.1,423.9,254.3,470.4,585.9,0,488.6,140.8,387.6,303.4,178.7,601.2,321.5,190.4,440.4,290.1,586.9,379.4,278.2,367.6,117.9,163.3,663.6,519.1,465.4,351.1,313.7,529.6,485.7,284.2,228.8,332,451.6
"24322",189.3,273.5,169.3,343,333.2,230.4,429.6,305.7,264.6,345.6,350.8,230.7,261.6,91.6,298.3,381.2,198.3,365.9,337.8,312.7,545.6,423.5,351.1,331.8,339,500.7,441.7,114.8,485.7,524.2,235.7,372.4,169,188.3,485.8,167,343.6,207,435.2,325.1,176.1,409.3,423.3,384.9,98.8,284.4,279.1,433.1,82.7,271,84.3,170.2,529,382.3,300.7,452.5,475.3,454.6,494.5,461.1,323.7,336.6,450.7,278,277.2,128.6,491.4,0,365.6,318.1,365.7,481.2,435.2,348.3,361,178.6,222.2,227.7,154,255.7,285.1,435.3,396.9,212.1,422.3,148.7,357.2,340.5,137.2,240.2,398.2,343.9,223.8,355
"21231",374,234.6,319.1,195.4,194.8,396.8,78.7,222.8,225.7,207.2,460.1,205.2,172.9,439.9,399,267.5,436.3,230.3,199.2,312.9,213.4,383.1,282.5,201.2,96.9,168.5,223.5,381,154.4,420.1,536.7,263.8,214.7,404.4,349,515.3,211.8,493.1,163.8,175.6,442.3,283.3,319.2,341,310.8,337.4,318.7,289,300.6,170.9,389.8,268.2,178,121.8,89.6,120.3,316.5,295.8,143.5,357,102.5,336.9,297.6,128.1,395.4,459.7,140.4,362.4,0,318.4,181.4,239.3,532,195.3,68.4,360.8,163.2,460.6,253.2,198.6,298.4,103.1,64.7,555.4,450,339.2,224.9,187.5,403.4,406.1,259.6,176.6,252.4,382.5
"61001",455.9,400.1,163.3,465.8,157.5,501.2,303.7,105.1,126.3,163.8,207.2,198.5,384.4,304.2,562.1,537.9,469,162.4,153.9,502.6,449.8,115.4,541.8,134.3,233.9,476.9,253.4,385.5,328.2,690.5,451.8,100.8,298.3,220.2,624.9,383.1,151.4,449.3,268.7,149.7,446.8,103.5,589.6,76.8,264.5,90.3,417,181.9,328.7,263.2,240.5,203.4,355.3,250.7,369.6,428.8,265.4,244.8,391.8,627.4,386,84.1,573.5,400.7,148.3,387.1,388.1,317.5,317.6,0,468.4,305.6,279.1,471.1,378.3,204.9,286.8,498.5,271.6,158.3,46.1,383.3,373.2,428.2,197.1,404.2,483.8,463.3,407.9,168.2,180.7,168.5,96.6,129.6
"74010",358.5,190.6,431.4,131.5,347,339.1,240,375,378,359.4,592.8,306.2,128.9,447.7,341.3,209.8,420.8,382.5,351.4,255.2,337.6,535.4,224.8,353.4,249.2,292.7,384.9,388.8,315.7,362.4,482.5,416,209.1,527.8,232.3,523.1,364,460,325.1,327.9,391.1,435.5,261.5,493.2,357.6,465.3,274.7,446.7,308.4,264.7,439.2,342.6,339.4,283.1,116.1,244.5,477.8,457.1,300.3,299.3,91.7,489.2,180.9,100,523.4,459.4,301.8,370.2,182,470.6,0,400.6,677.2,74.4,129.8,484.2,220.5,402.9,311,350.8,450.6,227.3,188.9,501.2,602.2,333.6,167.2,34,411.2,533,411.8,328.8,400.1,534.7
"08105",564.6,462.6,364.4,423.4,154.6,622.7,192.6,212.6,271,158.4,450,307.3,400.9,505.3,627,495.5,590.5,185.8,162.3,540.9,244.4,355.3,510.5,180.5,214.3,280.7,96.1,507,145,648.1,652.9,235.9,407.1,449.7,577,584.2,178.7,619.1,91.7,171.5,568.3,239.1,547.2,313.1,391.1,333,525.8,168.6,450.2,297,441.6,320.9,149.7,141.8,317.6,309.4,165.3,167.2,235.9,585,326.2,326.8,525.6,356,391.1,585.7,180.9,482.1,242.6,308.3,405.1,0,521.9,423.3,292.1,406,339.2,620,392.7,243.9,288.3,272.2,288.4,629.3,439.9,525.7,452.9,415.5,529.4,410.9,198.7,166.4,297.7,372.3
"29232",604.9,582.1,304.9,647.8,371,572.3,516.9,318.4,339.5,383.4,88.7,380.5,566.4,374.5,640.2,719.9,557.7,397.8,375.6,665.3,663.2,246.8,693,366.8,447.1,690.2,479.5,530.4,541.7,866.1,522.1,362.4,480.4,268.1,806.9,453.5,381.4,519.7,482.1,362.9,517.9,346.7,765.2,266.4,409.9,217.1,599,422.6,473.6,445.3,356.5,388.3,568.8,464,568,642,506.1,485.4,605.1,802.9,593.2,209.3,755.5,582.8,170.3,457.4,601.6,433.5,530.8,280.1,670.5,519,0,653.2,591.5,257.8,468.9,569.6,424.4,371.5,258,596.6,586.4,498.6,122.3,549,665.9,645.4,500.1,216.8,423.9,381.7,297.5,156.1
"38185",311.7,172.2,413,64,352.3,271.6,257.1,380.2,369.1,364.7,574.4,295.5,110.5,429.3,273.8,142.3,354.7,387.7,356.7,187.7,354.7,540.6,157.3,358.7,254.4,309.7,401.9,370.4,332.8,294.9,415,421.3,190.7,509.4,161.7,482.4,369.3,392.5,342.1,333.1,323.6,440.8,194,498.5,339.2,446.9,240.4,452,290,265.3,420.7,324.2,356.4,300.1,118.3,261.6,494.4,473.7,317.4,231.8,108.7,494.4,110.3,81.6,505,391.9,318.8,351.7,193,475.9,73.5,417.7,658.8,0,149.3,465.8,221,335.4,292.6,356.1,443,244.4,206,433.6,607.5,315.2,99.7,42.4,357.6,514.6,417.1,334,381.6,539.9
"39300",359.2,206.5,382.1,167.3,257.8,368.7,128,285.8,288.8,270.2,523.1,260.3,144.8,438.5,370.9,239.4,421.5,293.3,262.2,284.8,225.6,446.2,254.4,264.2,160,180.6,272.9,379.6,203.7,392,512.1,326.8,199.9,467.4,305.1,513.9,274.8,489.6,213.1,238.6,420.7,346.3,291.1,404,321.5,400.4,290.6,338.3,299.2,215.5,400.5,295.5,227.3,171.1,70.2,132.5,365.8,345.1,188.3,328.9,53.8,399.9,253.7,103.5,458.4,458.2,189.7,361,70,381.4,132.8,288.6,595,151.4,0,423.8,174.5,432.6,263.9,261.6,361.4,115.3,76.9,530.8,513,324.4,196.8,143.6,402,469.1,322.6,239.6,315.4,445.5
"79191",351.1,393.1,63.3,458.8,256.8,320.1,358.9,229.3,153.4,269.2,175.5,196.5,377.4,122.3,388,470.9,305.5,289.6,261.4,413.1,546.4,268.3,440.8,255.4,279.3,522.3,365.3,276.6,409.3,613.9,269.9,296,291.4,55.4,575.5,201.3,267.2,267.5,358.8,248.7,265.8,300.4,513,273.7,156,131,410,356.7,219.8,261.2,102.7,165.2,454.6,305.9,379,474.1,398.9,378.3,447,550.7,404.2,199,566.5,393.8,102,205.2,443.9,179.7,362.9,206.9,481.5,404.9,260,464.2,423.6,0,282.2,317.4,182.9,185.4,173.9,438.5,418.5,246.4,247,295.2,476.9,456.4,248,64.9,321.8,267.5,112.6,179.7
"03190",239.4,183.6,224.9,224.1,197.7,343.5,227.6,213.6,180.3,210.1,385.6,93.3,159,294.2,345.7,296.2,301.7,233.2,202.1,286.2,343.6,386.1,311.2,204.2,148.7,298.7,303.7,235.3,303.3,448.9,391,266.8,81.8,321.4,377.8,369.6,214.8,347.4,266.3,178.6,296.6,286.3,348,343.9,162.1,258.1,200.5,297.4,154.9,51.9,241.1,136.2,327,213.4,112.2,250.5,339.8,319.2,292.4,385.7,137.4,305.7,326.4,156.8,316.2,314,289.4,216.7,163,287.2,219.8,337.3,470,224,174.7,277.8,0,348.3,104.5,168,254.2,233.3,194.9,409.7,418.7,204.6,253.7,216.2,257.7,326.5,262.5,179.5,192.9,351.2
"09122",165.2,335.8,346.3,278.1,470.7,74.3,525.1,443.2,405.5,483.1,486.1,368.2,357.4,207,135.7,225.1,103.8,503.4,475.3,167.3,638.8,578.9,195,469.3,476.5,593.9,579.2,134.2,600.8,368.1,128.3,509.9,300.5,318.2,329.7,206.4,481.1,129.2,572.7,462.6,60.2,546.8,267.2,565.1,237.6,441.6,255,570.6,214.2,402.5,280.6,307.7,624.5,519.8,386.4,545.7,612.8,592.1,589.9,304.9,392.9,509.5,356,345.7,412.6,128.6,586.9,228.2,461.1,498.2,403.8,618.7,570.6,337.5,433.5,315.5,353.7,0,291.5,393.2,465.3,528.5,490.1,146.9,557.6,244.5,284.5,378.2,94.3,375.5,535.7,481.4,403.9,490.3
"23096",254.1,216,126.5,281.7,243,295.3,317.2,215.5,177.8,255.4,338.7,112.5,200.2,230.9,363.2,353.8,263.1,275.7,247.6,318.5,433.2,377.3,357.7,241.6,239.8,388.3,351.5,179.6,392.9,506.4,335.3,282.2,114.2,223,440.8,309.8,253.4,291.7,345,234.9,240.9,319.1,405.5,338.7,63.7,244.3,232.9,342.9,122.8,143.7,142.7,80,416.6,292.1,201.8,340.1,385.1,364.4,382,443.2,227,290.4,389.4,216.6,265.2,258.3,379,154.7,253.2,271.9,304.3,391,423.1,287,264.3,179.4,105.1,292.6,0,165.5,238.9,322.9,284.5,354,403.5,198.3,299.7,279.2,202,228.1,308,253.7,177.6,335.9
"45234",336.7,281,142.5,346.7,92.9,394.8,195,65.4,49.1,105.3,288.2,79.4,265.2,283.4,443,418.8,362.6,125.7,97.5,383.5,382.5,263.4,422.7,91.5,115.3,358.4,201.4,279.1,245.4,571.4,431,132.1,179.2,227.8,505.8,362.3,103.3,391.2,194.9,84.8,340.4,169,470.5,224.8,163.2,160.7,297.9,192.8,222.3,130.7,219.7,93,290.7,142,251,310.2,235,214.4,283.1,508.3,267.4,176.4,454.4,281.6,218.8,357.8,280,254.2,199,157.9,349.8,240.9,371.5,352,259.7,184.1,167.7,392.1,164.8,0,125,274.6,254.6,407.4,289.5,297.8,364.7,344.2,301.5,229.5,157.9,103.6,75.8,222
"72181",422.5,366.7,129.8,432.4,137,467.8,282.9,84.4,92.9,149.4,187.6,165.1,350.9,270.8,528.7,504.5,435.6,163.8,141.6,469.2,429.3,150.2,508.4,132.8,213.2,456.2,245.5,352.1,307.7,657.1,418.3,138.8,264.9,197.1,591.5,349.7,147.4,415.9,248.2,128.9,413.4,138.3,556.2,111.6,231.1,67.1,383.6,216.7,295.3,229.8,207.1,170,334.8,230,348.9,408,279.1,258.5,371.1,594,365.2,64.4,540.1,367.3,125.2,353.7,367.6,284.1,296.8,44.7,447.6,285.1,259.5,437.7,357.5,171.5,253.4,465.1,238.2,124.9,0,362.6,352.4,394.8,177.4,370.8,450.4,429.9,374.5,145,201.5,147.7,63.1,109.9
"70550",444.8,302.8,393.4,263.6,251.1,465.1,98.4,286.7,300.1,261.3,524,300.5,241.1,510.6,467.2,335.7,507,288.6,263.4,381.1,154,447.4,350.7,265.5,192.3,109,250.5,451.7,168,488.4,607.5,328.1,285.5,478.7,401.4,586,276.1,563.9,190.7,237,513,347.5,387.4,405.2,381.5,407.1,386.9,315.9,371.3,251,460.5,349.9,160.7,148.7,160.4,56.7,343.5,322.8,75.7,425.2,150.1,400.9,350,198.8,465.1,530.4,117,433.1,103.9,382.4,229.1,266.2,595.9,247.7,116,435.1,234.6,528.9,324,273,362.4,0,47.8,626.1,513.9,410,293.1,239.9,474.2,480.5,317.2,223.6,326.7,446.4
"25056",406.3,264.4,376,225.1,251.6,426.6,123.4,279.6,282.6,264.1,517,262.1,202.7,472.2,428.7,297.2,468.6,287.1,256,342.6,160.5,440,312.2,258.1,153.8,115.6,268.2,413.3,199.1,449.9,569,320.7,247,461.3,363,547.6,268.7,525.4,208.4,232.5,474.6,340.2,349,397.9,343.1,394.2,348.5,333.7,332.9,212.5,422.1,317.1,205.4,166.4,121.9,67.4,361.2,340.5,120.5,386.7,111.7,393.8,311.6,160.3,452.3,491.9,161.7,394.6,65.4,375.3,190.6,284,588.9,209.2,77.6,417.6,196.2,490.4,285.5,255.5,355.3,47.4,0,587.7,506.8,371.5,254.7,201.4,435.7,463,316.5,233.4,309.3,439.3
"64445",233.2,403.8,283.5,374.6,477,170.8,579,449.5,373.5,489.4,414.3,416.7,453.4,135.1,238.7,321.6,171.8,509.7,481.5,263.8,735.3,507.1,291.5,475.6,499.4,690.4,585.5,194.6,629.5,464.6,30.3,516.2,360.9,246.4,426.2,67.4,487.4,107.3,578.9,468.9,120.4,520.6,363.7,493.9,286.2,369.7,323,576.9,274.6,462.9,208.7,359.6,674.8,526.1,482.9,642.2,619.1,598.4,667.2,401.5,489.4,437.7,452.5,442.2,340.7,143.2,664.1,211,557.5,427.1,500.3,625,498.7,434,530,243.7,414.1,145.5,343.4,405.5,394.1,625,586.6,0,485.8,304.9,381,474.7,154.7,303.7,542,487.7,332.7,418.5
"22278",587.2,531.4,289.9,597.1,289,557.6,435,236.4,257.6,301.5,104.7,329.8,515.7,359.9,625.5,669.2,543.1,295.5,293.6,633.9,581.3,136.3,673.1,284.9,365.2,608.2,383.5,514.6,459.8,821.8,507.4,251.9,429.6,253.4,756.2,438.8,293.9,505,400.2,281,503.3,236.2,720.9,156,393.5,175.5,548.3,312.1,457.8,394.5,341.8,334.7,486.8,382,500.9,560.1,395.6,375,523.1,758.7,517.3,127.4,704.8,532.1,149.7,442.7,519.7,418.8,448.9,198.2,599.7,437.1,123.3,602.4,509.6,243.1,418.1,554.9,402.9,289.6,176.1,514.7,504.5,483.9,0,533.3,615.1,594.6,485.5,202.2,313.4,299.8,227.9,73.9
"15014",93.6,160.6,250.3,259.1,374.7,247.6,400.3,347.2,309.5,387.1,460.9,240.5,212.4,225.7,263.1,277.1,155.9,407.4,379.2,203.6,516.3,507.7,247.1,373.3,352.7,471.4,483.2,127.8,476,420.2,287.6,413.9,133.2,322.4,381.8,301.1,385.1,244,470.3,366.6,193.2,450.8,319.3,469.1,141.6,368,140.8,474.6,79.7,255.9,223.2,211.7,499.7,417.5,261.6,423.2,516.8,496.1,465.2,357,284.5,420.7,404.5,238.8,387.4,210.6,462.1,148.2,336.3,402.2,326.6,522.7,545.4,309.2,321.9,288.8,207.1,244.9,195.5,297.2,369.3,406,367.6,306.3,532.5,0,244.3,301.4,154.3,350.4,439.7,383.5,307.9,465.2
"07186",230,96.9,420.6,40.4,382.7,217.9,287.5,410.7,376.7,395.1,582,303.1,119.8,416.6,220,88.5,292.3,418.1,387.1,133.9,401.1,571,103.5,389.1,284.8,356.2,432.3,331.7,363.2,241.2,361.2,451.7,195.8,517,201.7,428.7,399.7,338.8,372.5,363.5,269.8,471.2,140.3,528.9,346.1,454.5,146.2,482.4,297,295.7,427.7,331.8,386.8,330.5,148.7,308.1,524.8,504.1,352.3,178,155.2,502.1,165.5,108,512.6,338.2,349.2,358.7,223.4,483.6,166.1,448.1,666.4,99.8,195.8,473.4,251.4,281.7,300.2,364.4,450.6,290.8,252.5,379.9,615.1,243.9,0,140.5,303.9,522.2,447.5,364.5,389.2,547.6
"73065",334.4,166.5,407.3,102.4,346.6,310,251.4,374.6,363.4,359,568.7,289.8,104.8,423.6,312.2,180.7,393.1,382,351,226.1,349,534.9,195.7,353,248.7,304.1,396.2,364.7,327.1,333.3,453.4,415.6,185,503.7,200.8,499,363.6,430.9,336.4,327.4,362,435.1,232.4,492.8,333.5,441.2,250.6,446.3,284.3,259.6,415,318.5,350.7,294.4,112.6,255.9,488.7,468,311.7,270.2,103,488.7,149.4,75.9,499.3,430.3,313.1,346.1,187.3,470.2,34.3,412,653.1,42.9,143.7,460.1,215.3,373.8,286.9,350.4,437.3,238.7,200.3,472,601.8,309.5,138.1,0,387.1,508.9,411.4,328.4,375.9,534.2
"82121",114.6,285.2,255.8,301,380.2,97.2,470.7,352.8,315.1,392.7,415.8,277.8,302.6,136.7,165.1,248,65.3,413,384.8,190.2,586.7,508.6,217.9,378.9,386.1,541.7,488.7,43.8,532.7,391,137.3,419.4,210.1,247.9,352.6,148.7,390.6,91.6,482.2,372.2,42.9,456.4,290.1,474.6,147.2,371.3,204.4,480.2,123.8,312.1,210.2,217.2,570,429.4,341.8,493.6,522.3,501.7,535.5,327.9,364.7,426.3,378.9,319,342.2,58.3,532.4,137.7,406.6,407.8,406.8,528.3,500.2,360.4,402.1,245.2,263.3,94.5,201,302.8,374.8,476.4,438,155.9,487.3,154,307.4,381.6,0,305.2,445.2,391,313.5,420
"85191",410.3,440,110.3,505.7,263,377.7,404.2,210.4,198.7,275.4,132.8,238.4,424.3,179.9,445.6,528.5,363.2,289.8,267.6,470.7,555.3,225.7,498.4,258.8,324.6,567.6,371.5,335.8,433.7,671.5,327.5,266.2,338.2,73.5,633.1,258.9,273.4,325.1,374.2,254.9,323.4,265.7,570.6,239,215.3,88.7,456.9,344.1,279,303.1,161.9,212.2,460.8,351.3,425.9,519.5,405.1,384.5,492.4,608.4,451.1,156.6,613.4,440.7,59.3,262.8,489.3,238.9,408.3,172.2,528.4,411.1,217.3,511,469,63.2,326.7,375,229.8,230.7,148,483.9,463.9,304,204.3,354.5,523.7,503.2,305.6,0,327.5,273.8,155.4,137.1
"60057",477.8,422,277.5,417.2,74.3,535.8,238.1,125.1,184.2,58.5,351.9,220.4,394.7,418.4,584.1,489.3,503.6,45.3,64.2,524.5,347.7,206.5,504.3,76.6,175.7,383.9,111.5,420.1,226.2,641.9,566,98.3,320.2,362.8,570.8,497.4,62.7,532.3,166.6,93.3,481.4,83,541,164.3,304.2,245.5,438.9,46,363.4,218.6,354.7,234,253.2,185.2,311.4,370.6,125.2,104.5,326.3,578.8,327.8,239.3,519.4,349.8,303.5,498.8,286.1,395.2,259.4,181.4,410.2,194.5,423.8,417.1,320.1,319.2,260.9,533.1,305.9,157,200.8,317.8,315,542.5,314,438.8,446.7,409.3,442.6,323.4,0,101,210.8,275.8
"77288",415.1,359.3,225.6,334.4,37.1,483.9,146.2,73.9,132.2,47.2,311.2,154.3,311.9,366.5,521.4,406.5,451.7,74.6,50.6,451.8,307.7,234.5,421.5,52.6,92.9,324.5,129.8,368.2,182.1,559.1,514.1,115.2,257.5,310.9,488,445.4,63.2,480.3,126.6,24.1,429.5,134.7,458.2,192.4,252.3,194.2,376.2,138.1,311.4,135.8,302.8,182.1,213.2,93.3,228.6,281.2,174.9,154.2,234.4,496,245,188,436.6,267,252.3,446.9,230.1,343.3,176.6,169.5,327.4,163.5,383.1,334.3,237.3,267.3,178,481.2,253.9,105.1,149.5,225.9,232.2,490.5,301.1,380.3,363.9,326.5,390.6,272.1,103.2,0,158.9,233.6
"37261",361.5,305.7,68.9,371.4,147.5,406.8,249.6,120.1,44.1,159.9,212.5,104.2,290,209.8,467.8,443.5,374.7,180.3,152.1,408.3,437.1,203,447.5,146.1,170,413,256,291.2,300,596.2,357.4,186.7,204,154.2,530.5,288.8,157.9,355,249.5,139.4,352.5,191.2,495.3,164.4,170.1,85,322.7,247.4,234.4,168.9,146.1,109,345.3,196.7,291.6,364.8,289.6,269,337.7,533,316.8,116.1,479.1,306.4,143,292.7,334.7,223.1,253.6,97.6,394.1,295.6,296.9,376.8,314.3,110.6,192.5,404.1,177.3,76.1,64.6,329.3,309.2,333.9,229.2,309.9,389.5,369,313.6,153.7,212.5,158.3,0,161.6
"35238",519,463.2,223.6,528.9,220.9,491.4,366.8,168.2,189.4,233.3,84.3,261.6,447.5,293.6,559.3,601,476.8,247.6,225.4,565.8,513.1,98.7,604.9,216.7,297,540,329.4,448.3,391.6,753.6,441.2,214.3,361.4,187.2,688,372.5,231.3,438.8,332,212.8,437,198.6,652.7,118.3,327.3,107.9,480.1,274.4,391.5,326.3,275.6,266.5,418.7,313.9,432.7,491.9,357.9,337.3,454.9,690.5,449.1,59.2,636.6,463.9,83.4,376.5,451.5,352.6,380.7,130,531.5,368.9,156.2,534.2,441.4,176.9,349.9,488.7,334.7,221.4,107.9,446.5,436.3,417.6,74.2,467,546.9,526.4,419.2,135.9,275.7,231.6,159.7,0
